{
  "status": "reached_goal",
  "town": "current",
  "seed": 7,
  "behavior": "normal",
  "target_speed_kmh": 25.0,
  "fps": 20,
  "ticks": 1990,
  "max_seconds": 120.0,
  "route_distance_m": 157.9778010185475,
  "remaining_distance_m": 3.3829818894446215,
  "start_index": 0,
  "end_index": 19,
  "start_location": {
    "x": -64.64484405517578,
    "y": 24.471010208129883,
    "z": 0.5999999642372131
  },
  "end_location": {
    "x": 45.76567459106445,
    "y": 137.4599609375,
    "z": 0.6000009179115295
  },
  "frames_dir": "/home/ubuntu/carla_run/output/carla_agent_run_20260326_175107_frames",
  "video_path": "/home/ubuntu/carla_run/output/carla_agent_run_20260326_175107.mp4"
}